varID	Gene.refGene	cosmic96_coding	AAChange.refGene	Gene	NonsynOI	CHROM	POS	REF	ALT
chr21_6496024_G_T	U2AF1;U2AF1L5	.	U2AF1:NM_001025203:exon2:c.C101A:p.S34Y,U2AF1L5:NM_001320646:exon2:c.C101A:p.S34Y,U2AF1L5:NM_001320648:exon2:c.C101A:p.S34Y,U2AF1L5:NM_001320650:exon2:c.C16A:p.L6I,U2AF1:NM_006758:exon2:c.C101A:p.S34Y	U2AF1	S34Y	chr21	6496024	G	T
chr21_6486334_T_G	U2AF1;U2AF1L5	.	U2AF1:NM_001025203:exon6:c.A470C:p.Q157P,U2AF1L5:NM_001320646:exon6:c.A470C:p.Q157P,U2AF1L5:NM_001320648:exon6:c.A470C:p.Q157P,U2AF1L5:NM_001320650:exon6:c.A356C:p.Q119P,U2AF1:NM_006758:exon6:c.A470C:p.Q157P,U2AF1:NM_001025204:exon7:c.A251C:p.Q84P,U2AF1L5:NM_001320651:exon7:c.A251C:p.Q84P	U2AF1	Q157P	chr21	6486334	T	G
chr21_43104346_G_T	U2AF1;U2AF1L5	ID=COSV52341472;OCCURENCE=51(haematopoietic_and_lymphoid_tissue),1(urinary_tract),1(lung),1(upper_aerodigestive_tract),1(endometrium)	U2AF1:NM_001025203:exon2:c.C101A:p.S34Y,U2AF1L5:NM_001320646:exon2:c.C101A:p.S34Y,U2AF1L5:NM_001320648:exon2:c.C101A:p.S34Y,U2AF1L5:NM_001320650:exon2:c.C16A:p.L6I,U2AF1:NM_006758:exon2:c.C101A:p.S34Y	U2AF1	S34Y	chr21	43104346	G	T
chr21_43094667_T_G	U2AF1;U2AF1L5	ID=COSV52341120;OCCURENCE=85(haematopoietic_and_lymphoid_tissue)	U2AF1:NM_001025203:exon6:c.A470C:p.Q157P,U2AF1L5:NM_001320646:exon6:c.A470C:p.Q157P,U2AF1L5:NM_001320648:exon6:c.A470C:p.Q157P,U2AF1L5:NM_001320650:exon6:c.A356C:p.Q119P,U2AF1:NM_006758:exon6:c.A470C:p.Q157P,U2AF1:NM_001025204:exon7:c.A251C:p.Q84P,U2AF1L5:NM_001320651:exon7:c.A251C:p.Q84P	U2AF1	Q157P	chr21	43094667	T	G
chr21_43094670_C_T	U2AF1;U2AF1L5	ID=COSV52342800;OCCURENCE=1(breast),3(cervix),24(haematopoietic_and_lymphoid_tissue),1(pancreas),1(skin),1(thymus)	U2AF1:NM_001025203:exon6:c.G467A:p.R156H,U2AF1L5:NM_001320646:exon6:c.G467A:p.R156H,U2AF1L5:NM_001320648:exon6:c.G467A:p.R156H,U2AF1L5:NM_001320650:exon6:c.G353A:p.R118H,U2AF1:NM_006758:exon6:c.G467A:p.R156H,U2AF1:NM_001025204:exon7:c.G248A:p.R83H,U2AF1L5:NM_001320651:exon7:c.G248A:p.R83H	U2AF1	R156H	chr21	43094670	C	T
chr21_6486334_T_C	U2AF1;U2AF1L5	.	U2AF1:NM_001025203:exon6:c.A470G:p.Q157R,U2AF1L5:NM_001320646:exon6:c.A470G:p.Q157R,U2AF1L5:NM_001320648:exon6:c.A470G:p.Q157R,U2AF1L5:NM_001320650:exon6:c.A356G:p.Q119R,U2AF1:NM_006758:exon6:c.A470G:p.Q157R,U2AF1:NM_001025204:exon7:c.A251G:p.Q84R,U2AF1L5:NM_001320651:exon7:c.A251G:p.Q84R	U2AF1	Q157R	chr21	6486334	T	C
chr21_43094667_T_C	U2AF1;U2AF1L5	ID=COSV52341147;OCCURENCE=1(breast),65(haematopoietic_and_lymphoid_tissue)	U2AF1:NM_001025203:exon6:c.A470G:p.Q157R,U2AF1L5:NM_001320646:exon6:c.A470G:p.Q157R,U2AF1L5:NM_001320648:exon6:c.A470G:p.Q157R,U2AF1L5:NM_001320650:exon6:c.A356G:p.Q119R,U2AF1:NM_006758:exon6:c.A470G:p.Q157R,U2AF1:NM_001025204:exon7:c.A251G:p.Q84R,U2AF1L5:NM_001320651:exon7:c.A251G:p.Q84R	U2AF1	Q157R	chr21	43094667	T	C
chr21_6486337_C_T	U2AF1;U2AF1L5	.	U2AF1:NM_001025203:exon6:c.G467A:p.R156H,U2AF1L5:NM_001320646:exon6:c.G467A:p.R156H,U2AF1L5:NM_001320648:exon6:c.G467A:p.R156H,U2AF1L5:NM_001320650:exon6:c.G353A:p.R118H,U2AF1:NM_006758:exon6:c.G467A:p.R156H,U2AF1:NM_001025204:exon7:c.G248A:p.R83H,U2AF1L5:NM_001320651:exon7:c.G248A:p.R83H	U2AF1	R156H	chr21	6486337	C	T
chr21_6496024_G_A	U2AF1;U2AF1L5	.	U2AF1:NM_001025203:exon2:c.C101T:p.S34F,U2AF1L5:NM_001320646:exon2:c.C101T:p.S34F,U2AF1L5:NM_001320648:exon2:c.C101T:p.S34F,U2AF1L5:NM_001320650:exon2:c.C16T:p.L6F,U2AF1:NM_006758:exon2:c.C101T:p.S34F	U2AF1	S34F	chr21	6496024	G	A
chr21_43104346_G_A	U2AF1;U2AF1L5	ID=COSV52341059;OCCURENCE=2(breast),5(liver),1(oesophagus),2(cervix),1(large_intestine),4(biliary_tract),2(ovary),1(NS),1(stomach),147(haematopoietic_and_lymphoid_tissue),10(urinary_tract),1(kidney),18(pancreas),1(skin),2(prostate),56(lung),3(thyroid),11(endometrium)	U2AF1:NM_001025203:exon2:c.C101T:p.S34F,U2AF1L5:NM_001320646:exon2:c.C101T:p.S34F,U2AF1L5:NM_001320648:exon2:c.C101T:p.S34F,U2AF1L5:NM_001320650:exon2:c.C16T:p.L6F,U2AF1:NM_006758:exon2:c.C101T:p.S34F	U2AF1	S34F	chr21	43104346	G	A
